1.000000000000000000e+00,-6.000000000000000000e+00,1.146102070808410645e+00
1.000000000000000000e+00,-5.987987995147705078e+00,1.131570219993591309e+00
1.000000000000000000e+00,-5.975975990295410156e+00,1.143515586853027344e+00
1.000000000000000000e+00,-5.963963985443115234e+00,1.073296189308166504e+00
1.000000000000000000e+00,-5.951951980590820312e+00,1.068182110786437988e+00
1.000000000000000000e+00,-5.939939975738525391e+00,9.451580643653869629e-01
1.000000000000000000e+00,-5.927927970886230469e+00,9.618574380874633789e-01
1.000000000000000000e+00,-5.915915966033935547e+00,1.071135044097900391e+00
1.000000000000000000e+00,-5.903903961181640625e+00,9.989113211631774902e-01
1.000000000000000000e+00,-5.891891956329345703e+00,1.000879287719726562e+00
1.000000000000000000e+00,-5.879879951477050781e+00,9.276831746101379395e-01
1.000000000000000000e+00,-5.867867946624755859e+00,1.085906028747558594e+00
1.000000000000000000e+00,-5.855855941772460938e+00,9.542796611785888672e-01
1.000000000000000000e+00,-5.843843936920166016e+00,1.093933463096618652e+00
1.000000000000000000e+00,-5.831831932067871094e+00,9.960446953773498535e-01
1.000000000000000000e+00,-5.819819927215576172e+00,1.054754972457885742e+00
1.000000000000000000e+00,-5.807807922363281250e+00,9.263405799865722656e-01
1.000000000000000000e+00,-5.795795917510986328e+00,1.051761031150817871e+00
1.000000000000000000e+00,-5.783783912658691406e+00,9.950159788131713867e-01
1.000000000000000000e+00,-5.771771907806396484e+00,8.935791254043579102e-01
1.000000000000000000e+00,-5.759759902954101562e+00,9.189025163650512695e-01
1.000000000000000000e+00,-5.747747898101806641e+00,9.670673608779907227e-01
1.000000000000000000e+00,-5.735735893249511719e+00,1.040178060531616211e+00
1.000000000000000000e+00,-5.723723888397216797e+00,8.531877994537353516e-01
1.000000000000000000e+00,-5.711711883544921875e+00,9.971388578414916992e-01
1.000000000000000000e+00,-5.699699878692626953e+00,1.011785745620727539e+00
1.000000000000000000e+00,-5.687687873840332031e+00,9.467545747756958008e-01
1.000000000000000000e+00,-5.675675868988037109e+00,8.946402668952941895e-01
1.000000000000000000e+00,-5.663663864135742188e+00,8.564123511314392090e-01
1.000000000000000000e+00,-5.651651859283447266e+00,9.100887179374694824e-01
1.000000000000000000e+00,-5.639639854431152344e+00,9.322757720947265625e-01
1.000000000000000000e+00,-5.627627849578857422e+00,9.192590713500976562e-01
1.000000000000000000e+00,-5.615615844726562500e+00,8.719735741615295410e-01
1.000000000000000000e+00,-5.603603839874267578e+00,8.427258133888244629e-01
1.000000000000000000e+00,-5.591591835021972656e+00,8.824024200439453125e-01
1.000000000000000000e+00,-5.579579830169677734e+00,9.100665450096130371e-01
1.000000000000000000e+00,-5.567567825317382812e+00,8.804265260696411133e-01
1.000000000000000000e+00,-5.555555820465087891e+00,8.485594391822814941e-01
1.000000000000000000e+00,-5.543543815612792969e+00,7.391111850738525391e-01
1.000000000000000000e+00,-5.531531810760498047e+00,7.395998239517211914e-01
1.000000000000000000e+00,-5.519519329071044922e+00,8.853520154953002930e-01
1.000000000000000000e+00,-5.507507324218750000e+00,7.559183835983276367e-01
1.000000000000000000e+00,-5.495495319366455078e+00,8.504492044448852539e-01
1.000000000000000000e+00,-5.483483314514160156e+00,8.417128920555114746e-01
1.000000000000000000e+00,-5.471471309661865234e+00,7.823594212532043457e-01
1.000000000000000000e+00,-5.459459304809570312e+00,7.610692381858825684e-01
1.000000000000000000e+00,-5.447447299957275391e+00,7.395489811897277832e-01
1.000000000000000000e+00,-5.435435295104980469e+00,6.802682280540466309e-01
1.000000000000000000e+00,-5.423423290252685547e+00,7.931028604507446289e-01
1.000000000000000000e+00,-5.411411285400390625e+00,6.824197769165039062e-01
1.000000000000000000e+00,-5.399399280548095703e+00,8.130732774734497070e-01
1.000000000000000000e+00,-5.387387275695800781e+00,7.163239121437072754e-01
1.000000000000000000e+00,-5.375375270843505859e+00,7.915062904357910156e-01
1.000000000000000000e+00,-5.363363265991210938e+00,7.119890451431274414e-01
1.000000000000000000e+00,-5.351351261138916016e+00,7.839270830154418945e-01
1.000000000000000000e+00,-5.339339256286621094e+00,7.004756331443786621e-01
1.000000000000000000e+00,-5.327327251434326172e+00,7.616563439369201660e-01
1.000000000000000000e+00,-5.315315246582031250e+00,6.535437703132629395e-01
1.000000000000000000e+00,-5.303303241729736328e+00,6.087585091590881348e-01
1.000000000000000000e+00,-5.291291236877441406e+00,6.698268651962280273e-01
1.000000000000000000e+00,-5.279279232025146484e+00,5.420103073120117188e-01
1.000000000000000000e+00,-5.267267227172851562e+00,7.121050953865051270e-01
1.000000000000000000e+00,-5.255255222320556641e+00,5.858343243598937988e-01
1.000000000000000000e+00,-5.243243217468261719e+00,6.852340102195739746e-01
1.000000000000000000e+00,-5.231231212615966797e+00,6.192272305488586426e-01
1.000000000000000000e+00,-5.219219207763671875e+00,5.066782236099243164e-01
1.000000000000000000e+00,-5.207207202911376953e+00,5.579533576965332031e-01
1.000000000000000000e+00,-5.195195198059082031e+00,6.528195738792419434e-01
1.000000000000000000e+00,-5.183183193206787109e+00,6.058652400970458984e-01
1.000000000000000000e+00,-5.171171188354492188e+00,5.969039797782897949e-01
1.000000000000000000e+00,-5.159159183502197266e+00,6.027887463569641113e-01
1.000000000000000000e+00,-5.147147178649902344e+00,4.721538424491882324e-01
1.000000000000000000e+00,-5.135135173797607422e+00,4.784996807575225830e-01
1.000000000000000000e+00,-5.123123168945312500e+00,4.996698498725891113e-01
1.000000000000000000e+00,-5.111111164093017578e+00,4.340246021747589111e-01
1.000000000000000000e+00,-5.099099159240722656e+00,4.842731058597564697e-01
1.000000000000000000e+00,-5.087087154388427734e+00,4.985875487327575684e-01
1.000000000000000000e+00,-5.075075149536132812e+00,5.538774728775024414e-01
1.000000000000000000e+00,-5.063063144683837891e+00,4.501527845859527588e-01
1.000000000000000000e+00,-5.051051139831542969e+00,5.316768288612365723e-01
1.000000000000000000e+00,-5.039039134979248047e+00,4.762945771217346191e-01
1.000000000000000000e+00,-5.027027130126953125e+00,4.926229715347290039e-01
1.000000000000000000e+00,-5.015015125274658203e+00,3.482654392719268799e-01
1.000000000000000000e+00,-5.003003120422363281e+00,4.476076364517211914e-01
1.000000000000000000e+00,-4.990991115570068359e+00,4.519019126892089844e-01
1.000000000000000000e+00,-4.978979110717773438e+00,3.647454679012298584e-01
1.000000000000000000e+00,-4.966967105865478516e+00,4.064174890518188477e-01
1.000000000000000000e+00,-4.954955101013183594e+00,3.742864131927490234e-01
1.000000000000000000e+00,-4.942942619323730469e+00,3.307303190231323242e-01
1.000000000000000000e+00,-4.930930614471435547e+00,2.574821710586547852e-01
1.000000000000000000e+00,-4.918918609619140625e+00,3.465043604373931885e-01
1.000000000000000000e+00,-4.906906604766845703e+00,3.709684908390045166e-01
1.000000000000000000e+00,-4.894894599914550781e+00,3.512161970138549805e-01
1.000000000000000000e+00,-4.882882595062255859e+00,3.692475855350494385e-01
1.000000000000000000e+00,-4.870870590209960938e+00,2.973310947418212891e-01
1.000000000000000000e+00,-4.858858585357666016e+00,2.007285803556442261e-01
1.000000000000000000e+00,-4.846846580505371094e+00,1.821003556251525879e-01
1.000000000000000000e+00,-4.834834575653076172e+00,2.657116949558258057e-01
1.000000000000000000e+00,-4.822822570800781250e+00,2.065286636352539062e-01
1.000000000000000000e+00,-4.810810565948486328e+00,1.145896092057228088e-01
1.000000000000000000e+00,-4.798798561096191406e+00,1.421620547771453857e-01
1.000000000000000000e+00,-4.786786556243896484e+00,2.071127593517303467e-01
1.000000000000000000e+00,-4.774774551391601562e+00,2.087361216545104980e-01
1.000000000000000000e+00,-4.762762546539306641e+00,2.256339192390441895e-01
1.000000000000000000e+00,-4.750750541687011719e+00,5.970623344182968140e-02
1.000000000000000000e+00,-4.738738536834716797e+00,1.495358347892761230e-01
1.000000000000000000e+00,-4.726726531982421875e+00,5.892058461904525757e-02
1.000000000000000000e+00,-4.714714527130126953e+00,7.914899289608001709e-02
1.000000000000000000e+00,-4.702702522277832031e+00,1.864321976900100708e-01
1.000000000000000000e+00,-4.690690517425537109e+00,1.048963963985443115e-01
1.000000000000000000e+00,-4.678678512573242188e+00,-1.346793584525585175e-02
1.000000000000000000e+00,-4.666666507720947266e+00,1.266631633043289185e-01
1.000000000000000000e+00,-4.654654502868652344e+00,9.022870659828186035e-02
1.000000000000000000e+00,-4.642642498016357422e+00,5.341488122940063477e-02
1.000000000000000000e+00,-4.630630493164062500e+00,-7.967492938041687012e-02
1.000000000000000000e+00,-4.618618488311767578e+00,-8.693519979715347290e-02
1.000000000000000000e+00,-4.606606483459472656e+00,-1.366556435823440552e-02
1.000000000000000000e+00,-4.594594478607177734e+00,-3.711907565593719482e-02
1.000000000000000000e+00,-4.582582473754882812e+00,-1.082934588193893433e-01
1.000000000000000000e+00,-4.570570468902587891e+00,4.994741082191467285e-02
1.000000000000000000e+00,-4.558558464050292969e+00,-1.128310412168502808e-01
1.000000000000000000e+00,-4.546546459197998047e+00,-1.343739330768585205e-01
1.000000000000000000e+00,-4.534534454345703125e+00,-1.371352970600128174e-01
1.000000000000000000e+00,-4.522522449493408203e+00,-8.683294057846069336e-03
1.000000000000000000e+00,-4.510510444641113281e+00,-6.023767590522766113e-02
1.000000000000000000e+00,-4.498498439788818359e+00,-2.005426585674285889e-01
1.000000000000000000e+00,-4.486486434936523438e+00,-2.858519554138183594e-02
1.000000000000000000e+00,-4.474474430084228516e+00,-5.566857755184173584e-02
1.000000000000000000e+00,-4.462462425231933594e+00,-2.451379448175430298e-01
1.000000000000000000e+00,-4.450450420379638672e+00,-1.166201680898666382e-01
1.000000000000000000e+00,-4.438438415527343750e+00,-1.466922461986541748e-01
1.000000000000000000e+00,-4.426426410675048828e+00,-1.724769920110702515e-01
1.000000000000000000e+00,-4.414414405822753906e+00,-1.077182590961456299e-01
1.000000000000000000e+00,-4.402402400970458984e+00,-2.800539731979370117e-01
1.000000000000000000e+00,-4.390390396118164062e+00,-1.518091410398483276e-01
1.000000000000000000e+00,-4.378378391265869141e+00,-2.251151502132415771e-01
1.000000000000000000e+00,-4.366366386413574219e+00,-2.245919406414031982e-01
1.000000000000000000e+00,-4.354354381561279297e+00,-2.902863323688507080e-01
1.000000000000000000e+00,-4.342342376708984375e+00,-1.796596944332122803e-01
1.000000000000000000e+00,-4.330330371856689453e+00,-3.314287364482879639e-01
1.000000000000000000e+00,-4.318318367004394531e+00,-2.058217525482177734e-01
1.000000000000000000e+00,-4.306306362152099609e+00,-2.024708837270736694e-01
1.000000000000000000e+00,-4.294294357299804688e+00,-2.366890311241149902e-01
1.000000000000000000e+00,-4.282282352447509766e+00,-2.729160785675048828e-01
1.000000000000000000e+00,-4.270270347595214844e+00,-2.880700230598449707e-01
1.000000000000000000e+00,-4.258258342742919922e+00,-2.902747392654418945e-01
1.000000000000000000e+00,-4.246246337890625000e+00,-2.850640416145324707e-01
1.000000000000000000e+00,-4.234234333038330078e+00,-4.222762286663055420e-01
1.000000000000000000e+00,-4.222222328186035156e+00,-3.444839119911193848e-01
1.000000000000000000e+00,-4.210210323333740234e+00,-4.117667376995086670e-01
1.000000000000000000e+00,-4.198198318481445312e+00,-4.506875872611999512e-01
1.000000000000000000e+00,-4.186186313629150391e+00,-4.865695536136627197e-01
1.000000000000000000e+00,-4.174174308776855469e+00,-3.367477357387542725e-01
1.000000000000000000e+00,-4.162162303924560547e+00,-4.854571223258972168e-01
1.000000000000000000e+00,-4.150150299072265625e+00,-5.251513719558715820e-01
1.000000000000000000e+00,-4.138138294219970703e+00,-5.328531265258789062e-01
1.000000000000000000e+00,-4.126126289367675781e+00,-4.489920735359191895e-01
1.000000000000000000e+00,-4.114114284515380859e+00,-4.418163001537322998e-01
1.000000000000000000e+00,-4.102102279663085938e+00,-5.423971414566040039e-01
1.000000000000000000e+00,-4.090090274810791016e+00,-4.016548097133636475e-01
1.000000000000000000e+00,-4.078078269958496094e+00,-4.773149788379669189e-01
1.000000000000000000e+00,-4.066066265106201172e+00,-5.258863568305969238e-01
1.000000000000000000e+00,-4.054054260253906250e+00,-5.995103716850280762e-01
1.000000000000000000e+00,-4.042042255401611328e+00,-4.542692899703979492e-01
1.000000000000000000e+00,-4.030030250549316406e+00,-6.259907484054565430e-01
1.000000000000000000e+00,-4.018018245697021484e+00,-4.700756371021270752e-01
1.000000000000000000e+00,-4.006006240844726562e+00,-4.963660836219787598e-01
1.000000000000000000e+00,-3.993994235992431641e+00,-6.472023725509643555e-01
1.000000000000000000e+00,-3.981981992721557617e+00,-5.354884266853332520e-01
1.000000000000000000e+00,-3.969969987869262695e+00,-6.031962633132934570e-01
1.000000000000000000e+00,-3.957957983016967773e+00,-5.526767969131469727e-01
1.000000000000000000e+00,-3.945945978164672852e+00,-6.216955184936523438e-01
1.000000000000000000e+00,-3.933933973312377930e+00,-5.625978708267211914e-01
1.000000000000000000e+00,-3.921921968460083008e+00,-6.414799690246582031e-01
1.000000000000000000e+00,-3.909909963607788086e+00,-6.170449256896972656e-01
1.000000000000000000e+00,-3.897897958755493164e+00,-6.150144338607788086e-01
1.000000000000000000e+00,-3.885885715484619141e+00,-7.170362472534179688e-01
1.000000000000000000e+00,-3.873873710632324219e+00,-5.945023298263549805e-01
1.000000000000000000e+00,-3.861861705780029297e+00,-6.945927143096923828e-01
1.000000000000000000e+00,-3.849849700927734375e+00,-7.071241736412048340e-01
1.000000000000000000e+00,-3.837837696075439453e+00,-6.229710578918457031e-01
1.000000000000000000e+00,-3.825825691223144531e+00,-6.864284873008728027e-01
1.000000000000000000e+00,-3.813813686370849609e+00,-7.330456972122192383e-01
1.000000000000000000e+00,-3.801801681518554688e+00,-7.565042376518249512e-01
1.000000000000000000e+00,-3.789789676666259766e+00,-7.278476953506469727e-01
1.000000000000000000e+00,-3.777777671813964844e+00,-6.074490547180175781e-01
1.000000000000000000e+00,-3.765765666961669922e+00,-6.433086395263671875e-01
1.000000000000000000e+00,-3.753753662109375000e+00,-7.954924702644348145e-01
1.000000000000000000e+00,-3.741741657257080078e+00,-7.912720441818237305e-01
1.000000000000000000e+00,-3.729729652404785156e+00,-6.730285882949829102e-01
1.000000000000000000e+00,-3.717717647552490234e+00,-8.261673450469970703e-01
1.000000000000000000e+00,-3.705705642700195312e+00,-8.102322816848754883e-01
1.000000000000000000e+00,-3.693693637847900391e+00,-7.216774225234985352e-01
1.000000000000000000e+00,-3.681681632995605469e+00,-6.591033339500427246e-01
1.000000000000000000e+00,-3.669669628143310547e+00,-7.937313318252563477e-01
1.000000000000000000e+00,-3.657657623291015625e+00,-8.019981980323791504e-01
1.000000000000000000e+00,-3.645645618438720703e+00,-8.532348871231079102e-01
1.000000000000000000e+00,-3.633633613586425781e+00,-7.147648334503173828e-01
1.000000000000000000e+00,-3.621621608734130859e+00,-8.260907530784606934e-01
1.000000000000000000e+00,-3.609609603881835938e+00,-7.192946672439575195e-01
1.000000000000000000e+00,-3.597597599029541016e+00,-8.532396554946899414e-01
1.000000000000000000e+00,-3.585585594177246094e+00,-8.086475729942321777e-01
1.000000000000000000e+00,-3.573573589324951172e+00,-8.450631499290466309e-01
1.000000000000000000e+00,-3.561561584472656250e+00,-8.604722619056701660e-01
1.000000000000000000e+00,-3.549549579620361328e+00,-7.797746658325195312e-01
1.000000000000000000e+00,-3.537537574768066406e+00,-7.983819842338562012e-01
1.000000000000000000e+00,-3.525525569915771484e+00,-9.224955439567565918e-01
1.000000000000000000e+00,-3.513513565063476562e+00,-7.359275221824645996e-01
1.000000000000000000e+00,-3.501501560211181641e+00,-8.467180728912353516e-01
1.000000000000000000e+00,-3.489489555358886719e+00,-8.725132942199707031e-01
1.000000000000000000e+00,-3.477477550506591797e+00,-9.050304293632507324e-01
1.000000000000000000e+00,-3.465465545654296875e+00,-8.467119336128234863e-01
1.000000000000000000e+00,-3.453453540802001953e+00,-8.655875921249389648e-01
1.000000000000000000e+00,-3.441441535949707031e+00,-8.727244734764099121e-01
1.000000000000000000e+00,-3.429429531097412109e+00,-9.488930702209472656e-01
1.000000000000000000e+00,-3.417417526245117188e+00,-9.531643390655517578e-01
1.000000000000000000e+00,-3.405405282974243164e+00,-8.872454166412353516e-01
1.000000000000000000e+00,-3.393393278121948242e+00,-9.227250814437866211e-01
1.000000000000000000e+00,-3.381381273269653320e+00,-8.489109873771667480e-01
1.000000000000000000e+00,-3.369369268417358398e+00,-9.204577207565307617e-01
1.000000000000000000e+00,-3.357357263565063477e+00,-8.244714736938476562e-01
1.000000000000000000e+00,-3.345345258712768555e+00,-8.237628340721130371e-01
1.000000000000000000e+00,-3.333333253860473633e+00,-8.305276036262512207e-01
1.000000000000000000e+00,-3.321321249008178711e+00,-9.095980525016784668e-01
1.000000000000000000e+00,-3.309309244155883789e+00,-8.115122914314270020e-01
1.000000000000000000e+00,-3.297297239303588867e+00,-9.874140620231628418e-01
1.000000000000000000e+00,-3.285285234451293945e+00,-8.604288101196289062e-01
1.000000000000000000e+00,-3.273273229598999023e+00,-9.145699739456176758e-01
1.000000000000000000e+00,-3.261261224746704102e+00,-9.356853961944580078e-01
1.000000000000000000e+00,-3.249249219894409180e+00,-8.161940574645996094e-01
1.000000000000000000e+00,-3.237237215042114258e+00,-8.393633365631103516e-01
1.000000000000000000e+00,-3.225225210189819336e+00,-9.880581498146057129e-01
1.000000000000000000e+00,-3.213213205337524414e+00,-9.733584523200988770e-01
1.000000000000000000e+00,-3.201201200485229492e+00,-9.909823536872863770e-01
1.000000000000000000e+00,-3.189189195632934570e+00,-9.115265011787414551e-01
1.000000000000000000e+00,-3.177177190780639648e+00,-9.489806294441223145e-01
1.000000000000000000e+00,-3.165165185928344727e+00,-8.066217899322509766e-01
1.000000000000000000e+00,-3.153153181076049805e+00,-9.942692518234252930e-01
1.000000000000000000e+00,-3.141141176223754883e+00,-9.656336307525634766e-01
1.000000000000000000e+00,-3.129129171371459961e+00,-9.432539343833923340e-01
1.000000000000000000e+00,-3.117116928100585938e+00,-9.740692377090454102e-01
1.000000000000000000e+00,-3.105104923248291016e+00,-9.776790738105773926e-01
1.000000000000000000e+00,-3.093092918395996094e+00,-8.146255612373352051e-01
1.000000000000000000e+00,-3.081080913543701172e+00,-9.007644057273864746e-01
1.000000000000000000e+00,-3.069068908691406250e+00,-9.370072484016418457e-01
1.000000000000000000e+00,-3.057056903839111328e+00,-9.032246470451354980e-01
1.000000000000000000e+00,-3.045044898986816406e+00,-9.588738679885864258e-01
1.000000000000000000e+00,-3.033032894134521484e+00,-9.424374699592590332e-01
1.000000000000000000e+00,-3.021020889282226562e+00,-8.473676443099975586e-01
1.000000000000000000e+00,-3.009008884429931641e+00,-8.550447225570678711e-01
1.000000000000000000e+00,-2.996996879577636719e+00,-9.496352076530456543e-01
1.000000000000000000e+00,-2.984984874725341797e+00,-8.152714967727661133e-01
1.000000000000000000e+00,-2.972972869873046875e+00,-9.207565188407897949e-01
1.000000000000000000e+00,-2.960960865020751953e+00,-9.649997949600219727e-01
1.000000000000000000e+00,-2.948948860168457031e+00,-8.565725088119506836e-01
1.000000000000000000e+00,-2.936936855316162109e+00,-8.745701313018798828e-01
1.000000000000000000e+00,-2.924924850463867188e+00,-8.699838519096374512e-01
1.000000000000000000e+00,-2.912912845611572266e+00,-8.196844458580017090e-01
1.000000000000000000e+00,-2.900900840759277344e+00,-8.792212605476379395e-01
1.000000000000000000e+00,-2.888888835906982422e+00,-9.374308586120605469e-01
1.000000000000000000e+00,-2.876876831054687500e+00,-8.143619894981384277e-01
1.000000000000000000e+00,-2.864864826202392578e+00,-8.581064343452453613e-01
1.000000000000000000e+00,-2.852852821350097656e+00,-9.103446006774902344e-01
1.000000000000000000e+00,-2.840840816497802734e+00,-8.824828267097473145e-01
1.000000000000000000e+00,-2.828828811645507812e+00,-9.130496978759765625e-01
1.000000000000000000e+00,-2.816816806793212891e+00,-9.107324481010437012e-01
1.000000000000000000e+00,-2.804804801940917969e+00,-8.192204833030700684e-01
1.000000000000000000e+00,-2.792792797088623047e+00,-9.045262336730957031e-01
1.000000000000000000e+00,-2.780780792236328125e+00,-8.187004327774047852e-01
1.000000000000000000e+00,-2.768768787384033203e+00,-8.628726005554199219e-01
1.000000000000000000e+00,-2.756756782531738281e+00,-7.613341212272644043e-01
1.000000000000000000e+00,-2.744744777679443359e+00,-8.635705709457397461e-01
1.000000000000000000e+00,-2.732732772827148438e+00,-7.213569879531860352e-01
1.000000000000000000e+00,-2.720720767974853516e+00,-8.509971499443054199e-01
1.000000000000000000e+00,-2.708708763122558594e+00,-7.325593233108520508e-01
1.000000000000000000e+00,-2.696696758270263672e+00,-8.723279237747192383e-01
1.000000000000000000e+00,-2.684684753417968750e+00,-7.505269050598144531e-01
1.000000000000000000e+00,-2.672672748565673828e+00,-7.616864442825317383e-01
1.000000000000000000e+00,-2.660660743713378906e+00,-8.580889701843261719e-01
1.000000000000000000e+00,-2.648648738861083984e+00,-7.368226051330566406e-01
1.000000000000000000e+00,-2.636636495590209961e+00,-7.643212676048278809e-01
1.000000000000000000e+00,-2.624624490737915039e+00,-8.317126035690307617e-01
1.000000000000000000e+00,-2.612612485885620117e+00,-6.824864745140075684e-01
1.000000000000000000e+00,-2.600600481033325195e+00,-7.617104649543762207e-01
1.000000000000000000e+00,-2.588588476181030273e+00,-8.498165607452392578e-01
1.000000000000000000e+00,-2.576576471328735352e+00,-7.158699035644531250e-01
1.000000000000000000e+00,-2.564564466476440430e+00,-7.252779006958007812e-01
1.000000000000000000e+00,-2.552552461624145508e+00,-7.238152623176574707e-01
1.000000000000000000e+00,-2.540540456771850586e+00,-6.615729331970214844e-01
1.000000000000000000e+00,-2.528528451919555664e+00,-8.129885196685791016e-01
1.000000000000000000e+00,-2.516516447067260742e+00,-7.105527520179748535e-01
1.000000000000000000e+00,-2.504504442214965820e+00,-6.459989547729492188e-01
1.000000000000000000e+00,-2.492492437362670898e+00,-7.879715561866760254e-01
1.000000000000000000e+00,-2.480480432510375977e+00,-6.381487846374511719e-01
1.000000000000000000e+00,-2.468468427658081055e+00,-6.101717948913574219e-01
1.000000000000000000e+00,-2.456456422805786133e+00,-6.551142334938049316e-01
1.000000000000000000e+00,-2.444444417953491211e+00,-7.465860247611999512e-01
1.000000000000000000e+00,-2.432432413101196289e+00,-6.219146847724914551e-01
1.000000000000000000e+00,-2.420420408248901367e+00,-6.369300484657287598e-01
1.000000000000000000e+00,-2.408408403396606445e+00,-6.548190712928771973e-01
1.000000000000000000e+00,-2.396396398544311523e+00,-5.467930436134338379e-01
1.000000000000000000e+00,-2.384384393692016602e+00,-6.206972002983093262e-01
1.000000000000000000e+00,-2.372372388839721680e+00,-5.585213899612426758e-01
1.000000000000000000e+00,-2.360360383987426758e+00,-5.297320485115051270e-01
1.000000000000000000e+00,-2.348348140716552734e+00,-6.309028267860412598e-01
1.000000000000000000e+00,-2.336336135864257812e+00,-5.684837698936462402e-01
1.000000000000000000e+00,-2.324324131011962891e+00,-5.102722048759460449e-01
1.000000000000000000e+00,-2.312312126159667969e+00,-6.154984235763549805e-01
1.000000000000000000e+00,-2.300300121307373047e+00,-5.041347146034240723e-01
1.000000000000000000e+00,-2.288288116455078125e+00,-4.727288484573364258e-01
1.000000000000000000e+00,-2.276276111602783203e+00,-4.667687714099884033e-01
1.000000000000000000e+00,-2.264264106750488281e+00,-5.280665159225463867e-01
1.000000000000000000e+00,-2.252252101898193359e+00,-4.912303686141967773e-01
1.000000000000000000e+00,-2.240240097045898438e+00,-5.243364572525024414e-01
1.000000000000000000e+00,-2.228228092193603516e+00,-4.153737425804138184e-01
1.000000000000000000e+00,-2.216216087341308594e+00,-4.782946407794952393e-01
1.000000000000000000e+00,-2.204204082489013672e+00,-4.825535416603088379e-01
1.000000000000000000e+00,-2.192192077636718750e+00,-5.217354893684387207e-01
1.000000000000000000e+00,-2.180180072784423828e+00,-4.743739068508148193e-01
1.000000000000000000e+00,-2.168168067932128906e+00,-4.624560475349426270e-01
1.000000000000000000e+00,-2.156156063079833984e+00,-5.202309489250183105e-01
1.000000000000000000e+00,-2.144144058227539062e+00,-3.641043901443481445e-01
1.000000000000000000e+00,-2.132132053375244141e+00,-3.422779440879821777e-01
1.000000000000000000e+00,-2.120120048522949219e+00,-3.692757487297058105e-01
1.000000000000000000e+00,-2.108108043670654297e+00,-3.788360357284545898e-01
1.000000000000000000e+00,-2.096096038818359375e+00,-4.186329245567321777e-01
1.000000000000000000e+00,-2.084084033966064453e+00,-3.639820814132690430e-01
1.000000000000000000e+00,-2.072072029113769531e+00,-3.398618698120117188e-01
1.000000000000000000e+00,-2.060060024261474609e+00,-3.548863530158996582e-01
1.000000000000000000e+00,-2.048048019409179688e+00,-3.106060326099395752e-01
1.000000000000000000e+00,-2.036036014556884766e+00,-3.693528175354003906e-01
1.000000000000000000e+00,-2.024024009704589844e+00,-3.657674193382263184e-01
1.000000000000000000e+00,-2.012012004852294922e+00,-3.101362884044647217e-01
1.000000000000000000e+00,-2.000000000000000000e+00,-2.439715564250946045e-01
1.000000000000000000e+00,-1.987987995147705078e+00,-3.657425642013549805e-01
1.000000000000000000e+00,-1.975975990295410156e+00,-3.299515247344970703e-01
1.000000000000000000e+00,-1.963963985443115234e+00,-2.855675518512725830e-01
1.000000000000000000e+00,-1.951951980590820312e+00,-3.032763004302978516e-01
1.000000000000000000e+00,-1.939939975738525391e+00,-2.183219045400619507e-01
1.000000000000000000e+00,-1.927927970886230469e+00,-1.993614733219146729e-01
1.000000000000000000e+00,-1.915915966033935547e+00,-3.223978579044342041e-01
1.000000000000000000e+00,-1.903903961181640625e+00,-1.568395048379898071e-01
1.000000000000000000e+00,-1.891891956329345703e+00,-1.897278428077697754e-01
1.000000000000000000e+00,-1.879879951477050781e+00,-2.983454465866088867e-01
1.000000000000000000e+00,-1.867867946624755859e+00,-1.116329878568649292e-01
1.000000000000000000e+00,-1.855855941772460938e+00,-1.873144209384918213e-01
1.000000000000000000e+00,-1.843843936920166016e+00,-2.459823340177536011e-01
1.000000000000000000e+00,-1.831831932067871094e+00,-1.641320586204528809e-01
1.000000000000000000e+00,-1.819819927215576172e+00,-1.028256416320800781e-01
1.000000000000000000e+00,-1.807807922363281250e+00,-9.897792339324951172e-02
1.000000000000000000e+00,-1.795795917510986328e+00,-2.132727056741714478e-01
1.000000000000000000e+00,-1.783783912658691406e+00,-1.950058788061141968e-01
1.000000000000000000e+00,-1.771771430969238281e+00,-7.295522093772888184e-02
1.000000000000000000e+00,-1.759759426116943359e+00,-3.017054498195648193e-02
1.000000000000000000e+00,-1.747747421264648438e+00,-8.820600807666778564e-02
1.000000000000000000e+00,-1.735735416412353516e+00,-3.908997774124145508e-02
1.000000000000000000e+00,-1.723723411560058594e+00,-1.019424498081207275e-01
1.000000000000000000e+00,-1.711711406707763672e+00,-6.471242755651473999e-02
1.000000000000000000e+00,-1.699699401855468750e+00,-7.344295084476470947e-02
1.000000000000000000e+00,-1.687687397003173828e+00,-1.107760816812515259e-01
1.000000000000000000e+00,-1.675675392150878906e+00,-4.644478112459182739e-02
1.000000000000000000e+00,-1.663663387298583984e+00,3.216640651226043701e-02
1.000000000000000000e+00,-1.651651382446289062e+00,-3.027194365859031677e-02
1.000000000000000000e+00,-1.639639377593994141e+00,6.202859431505203247e-02
1.000000000000000000e+00,-1.627627372741699219e+00,-2.398316562175750732e-02
1.000000000000000000e+00,-1.615615367889404297e+00,5.412437766790390015e-02
1.000000000000000000e+00,-1.603603363037109375e+00,-2.358739450573921204e-02
1.000000000000000000e+00,-1.591591358184814453e+00,4.596363008022308350e-02
1.000000000000000000e+00,-1.579579353332519531e+00,3.443741798400878906e-02
1.000000000000000000e+00,-1.567567348480224609e+00,1.135792359709739685e-01
1.000000000000000000e+00,-1.555555343627929688e+00,1.150708347558975220e-01
1.000000000000000000e+00,-1.543543338775634766e+00,2.158214896917343140e-01
1.000000000000000000e+00,-1.531531333923339844e+00,1.249828338623046875e-01
1.000000000000000000e+00,-1.519519329071044922e+00,1.077450588345527649e-01
1.000000000000000000e+00,-1.507507324218750000e+00,1.161203980445861816e-01
1.000000000000000000e+00,-1.495495319366455078e+00,1.629505157470703125e-01
1.000000000000000000e+00,-1.483483314514160156e+00,2.406875938177108765e-01
1.000000000000000000e+00,-1.471471309661865234e+00,2.154985219240188599e-01
1.000000000000000000e+00,-1.459459304809570312e+00,2.585818767547607422e-01
1.000000000000000000e+00,-1.447447299957275391e+00,1.736530065536499023e-01
1.000000000000000000e+00,-1.435435295104980469e+00,2.198853492736816406e-01
1.000000000000000000e+00,-1.423423290252685547e+00,3.384090363979339600e-01
1.000000000000000000e+00,-1.411411285400390625e+00,2.951036393642425537e-01
1.000000000000000000e+00,-1.399399280548095703e+00,3.588797152042388916e-01
1.000000000000000000e+00,-1.387387275695800781e+00,2.210052609443664551e-01
1.000000000000000000e+00,-1.375375270843505859e+00,3.331013321876525879e-01
1.000000000000000000e+00,-1.363363265991210938e+00,3.899745047092437744e-01
1.000000000000000000e+00,-1.351351261138916016e+00,2.657584249973297119e-01
1.000000000000000000e+00,-1.339339256286621094e+00,3.990958333015441895e-01
1.000000000000000000e+00,-1.327327251434326172e+00,3.368673920631408691e-01
1.000000000000000000e+00,-1.315315246582031250e+00,3.063771724700927734e-01
1.000000000000000000e+00,-1.303303241729736328e+00,3.514643013477325439e-01
1.000000000000000000e+00,-1.291291236877441406e+00,4.624088406562805176e-01
1.000000000000000000e+00,-1.279279232025146484e+00,3.120091855525970459e-01
1.000000000000000000e+00,-1.267267227172851562e+00,3.145608007907867432e-01
1.000000000000000000e+00,-1.255255222320556641e+00,4.219444692134857178e-01
1.000000000000000000e+00,-1.243243217468261719e+00,3.292963802814483643e-01
1.000000000000000000e+00,-1.231231212615966797e+00,5.151786804199218750e-01
1.000000000000000000e+00,-1.219219207763671875e+00,3.660817742347717285e-01
1.000000000000000000e+00,-1.207207202911376953e+00,4.881224632263183594e-01
1.000000000000000000e+00,-1.195195198059082031e+00,4.808110296726226807e-01
1.000000000000000000e+00,-1.183183193206787109e+00,5.762704610824584961e-01
1.000000000000000000e+00,-1.171171188354492188e+00,5.302592515945434570e-01
1.000000000000000000e+00,-1.159159183502197266e+00,5.229605436325073242e-01
1.000000000000000000e+00,-1.147147178649902344e+00,4.389534592628479004e-01
1.000000000000000000e+00,-1.135135173797607422e+00,4.920289218425750732e-01
1.000000000000000000e+00,-1.123123168945312500e+00,5.534986853599548340e-01
1.000000000000000000e+00,-1.111111164093017578e+00,4.936665892601013184e-01
1.000000000000000000e+00,-1.099099159240722656e+00,4.924091696739196777e-01
1.000000000000000000e+00,-1.087087154388427734e+00,5.452813506126403809e-01
1.000000000000000000e+00,-1.075075149536132812e+00,5.916134119033813477e-01
1.000000000000000000e+00,-1.063063144683837891e+00,5.206273794174194336e-01
1.000000000000000000e+00,-1.051051139831542969e+00,5.114427804946899414e-01
1.000000000000000000e+00,-1.039039134979248047e+00,6.414663791656494141e-01
1.000000000000000000e+00,-1.027027130126953125e+00,5.856945514678955078e-01
1.000000000000000000e+00,-1.015015125274658203e+00,6.663573384284973145e-01
1.000000000000000000e+00,-1.003003120422363281e+00,7.099903225898742676e-01
1.000000000000000000e+00,-9.909911155700683594e-01,6.411697864532470703e-01
1.000000000000000000e+00,-9.789791107177734375e-01,7.532924413681030273e-01
1.000000000000000000e+00,-9.669671058654785156e-01,5.831512808799743652e-01
1.000000000000000000e+00,-9.549551010131835938e-01,6.299688816070556641e-01
1.000000000000000000e+00,-9.429430365562438965e-01,7.472814321517944336e-01
1.000000000000000000e+00,-9.309310317039489746e-01,6.861904263496398926e-01
1.000000000000000000e+00,-9.189190268516540527e-01,6.320485472679138184e-01
1.000000000000000000e+00,-9.069066047668457031e-01,7.396178245544433594e-01
1.000000000000000000e+00,-8.948945999145507812e-01,7.154152393341064453e-01
1.000000000000000000e+00,-8.828825950622558594e-01,7.117221355438232422e-01
1.000000000000000000e+00,-8.708705902099609375e-01,8.090021610260009766e-01
1.000000000000000000e+00,-8.588585853576660156e-01,6.601280570030212402e-01
1.000000000000000000e+00,-8.468465209007263184e-01,8.233426809310913086e-01
1.000000000000000000e+00,-8.348345160484313965e-01,8.370717763900756836e-01
1.000000000000000000e+00,-8.228225111961364746e-01,7.576139569282531738e-01
1.000000000000000000e+00,-8.108105659484863281e-01,8.092875480651855469e-01
1.000000000000000000e+00,-7.987985610961914062e-01,7.889239788055419922e-01
1.000000000000000000e+00,-7.867865562438964844e-01,8.564063310623168945e-01
1.000000000000000000e+00,-7.747745513916015625e-01,7.433264255523681641e-01
1.000000000000000000e+00,-7.627625465393066406e-01,7.626636624336242676e-01
1.000000000000000000e+00,-7.507504820823669434e-01,8.200635313987731934e-01
1.000000000000000000e+00,-7.387384772300720215e-01,8.700388669967651367e-01
1.000000000000000000e+00,-7.267264723777770996e-01,8.511902689933776855e-01
1.000000000000000000e+00,-7.147145271301269531e-01,7.568851113319396973e-01
1.000000000000000000e+00,-7.027025222778320312e-01,9.619345664978027344e-01
1.000000000000000000e+00,-6.906905174255371094e-01,8.661394119262695312e-01
1.000000000000000000e+00,-6.786785125732421875e-01,8.750910758972167969e-01
1.000000000000000000e+00,-6.666665077209472656e-01,9.553883671760559082e-01
1.000000000000000000e+00,-6.546544432640075684e-01,8.133881092071533203e-01
1.000000000000000000e+00,-6.426424384117126465e-01,9.505884051322937012e-01
1.000000000000000000e+00,-6.306304335594177246e-01,8.378790020942687988e-01
1.000000000000000000e+00,-6.186184883117675781e-01,9.910362362861633301e-01
1.000000000000000000e+00,-6.066064834594726562e-01,9.061858654022216797e-01
1.000000000000000000e+00,-5.945944786071777344e-01,9.603948593139648438e-01
1.000000000000000000e+00,-5.825824737548828125e-01,8.828941583633422852e-01
1.000000000000000000e+00,-5.705704689025878906e-01,9.252877235412597656e-01
1.000000000000000000e+00,-5.585584044456481934e-01,1.009100317955017090e+00
1.000000000000000000e+00,-5.465463995933532715e-01,9.395595788955688477e-01
1.000000000000000000e+00,-5.345343947410583496e-01,8.942648768424987793e-01
1.000000000000000000e+00,-5.225224494934082031e-01,9.675938487052917480e-01
1.000000000000000000e+00,-5.105104446411132812e-01,9.633677601814270020e-01
1.000000000000000000e+00,-4.984984397888183594e-01,9.261222481727600098e-01
1.000000000000000000e+00,-4.864864051342010498e-01,1.016716718673706055e+00
1.000000000000000000e+00,-4.744744002819061279e-01,1.056450128555297852e+00
1.000000000000000000e+00,-4.624623954296112061e-01,1.073413610458374023e+00
1.000000000000000000e+00,-4.504503607749938965e-01,9.434376358985900879e-01
1.000000000000000000e+00,-4.384383559226989746e-01,9.439784288406372070e-01
1.000000000000000000e+00,-4.264264106750488281e-01,1.032946586608886719e+00
1.000000000000000000e+00,-4.144144058227539062e-01,9.449446201324462891e-01
1.000000000000000000e+00,-4.024024009704589844e-01,9.684180617332458496e-01
1.000000000000000000e+00,-3.903903663158416748e-01,9.595297574996948242e-01
1.000000000000000000e+00,-3.783783614635467529e-01,1.005339384078979492e+00
1.000000000000000000e+00,-3.663663566112518311e-01,1.007701039314270020e+00
1.000000000000000000e+00,-3.543543219566345215e-01,1.073588848114013672e+00
1.000000000000000000e+00,-3.423423171043395996e-01,1.003468275070190430e+00
1.000000000000000000e+00,-3.303303718566894531e-01,9.478483796119689941e-01
1.000000000000000000e+00,-3.183183670043945312e-01,1.060545682907104492e+00
1.000000000000000000e+00,-3.063063621520996094e-01,1.008144259452819824e+00
1.000000000000000000e+00,-2.942943274974822998e-01,1.152277469635009766e+00
1.000000000000000000e+00,-2.822823226451873779e-01,1.090373516082763672e+00
1.000000000000000000e+00,-2.702703177928924561e-01,1.162840127944946289e+00
1.000000000000000000e+00,-2.582582831382751465e-01,1.161512851715087891e+00
1.000000000000000000e+00,-2.462462782859802246e-01,1.077005505561828613e+00
1.000000000000000000e+00,-2.342338562011718750e-01,1.034240961074829102e+00
1.000000000000000000e+00,-2.222218513488769531e-01,9.904129505157470703e-01
1.000000000000000000e+00,-2.102098315954208374e-01,1.088888049125671387e+00
1.000000000000000000e+00,-1.981978118419647217e-01,1.109770894050598145e+00
1.000000000000000000e+00,-1.861858069896697998e-01,1.032707452774047852e+00
1.000000000000000000e+00,-1.741738021373748779e-01,1.129390358924865723e+00
1.000000000000000000e+00,-1.621617823839187622e-01,1.045679450035095215e+00
1.000000000000000000e+00,-1.501497626304626465e-01,1.013407945632934570e+00
1.000000000000000000e+00,-1.381378173828125000e-01,1.000564336776733398e+00
1.000000000000000000e+00,-1.261258125305175781e-01,1.155743241310119629e+00
1.000000000000000000e+00,-1.141137927770614624e-01,1.188542246818542480e+00
1.000000000000000000e+00,-1.021017804741859436e-01,1.177331566810607910e+00
1.000000000000000000e+00,-9.008976817131042480e-02,1.112415552139282227e+00
1.000000000000000000e+00,-7.807775586843490601e-02,1.164534807205200195e+00
1.000000000000000000e+00,-6.606574356555938721e-02,1.067459225654602051e+00
1.000000000000000000e+00,-5.405373126268386841e-02,1.158832669258117676e+00
1.000000000000000000e+00,-4.204177856445312500e-02,1.150432348251342773e+00
1.000000000000000000e+00,-3.002976626157760620e-02,1.040306091308593750e+00
1.000000000000000000e+00,-1.801775395870208740e-02,1.102880477905273438e+00
1.000000000000000000e+00,-6.005741655826568604e-03,1.173050045967102051e+00
1.000000000000000000e+00,6.006270647048950195e-03,1.002221107482910156e+00
1.000000000000000000e+00,1.801828294992446899e-02,1.099910020828247070e+00
1.000000000000000000e+00,3.003029525279998779e-02,1.129617571830749512e+00
1.000000000000000000e+00,4.204230755567550659e-02,1.044988036155700684e+00
1.000000000000000000e+00,5.405378341674804688e-02,1.034694075584411621e+00
1.000000000000000000e+00,6.606579571962356567e-02,1.157505512237548828e+00
1.000000000000000000e+00,7.807780802249908447e-02,1.166381835937500000e+00
1.000000000000000000e+00,9.008982032537460327e-02,1.032359361648559570e+00
1.000000000000000000e+00,1.021018326282501221e-01,1.054912328720092773e+00
1.000000000000000000e+00,1.141138449311256409e-01,9.965083003044128418e-01
1.000000000000000000e+00,1.261258572340011597e-01,1.153656601905822754e+00
1.000000000000000000e+00,1.381378769874572754e-01,1.062174677848815918e+00
1.000000000000000000e+00,1.501498222351074219e-01,1.011023521423339844e+00
1.000000000000000000e+00,1.621618270874023438e-01,1.134167551994323730e+00
1.000000000000000000e+00,1.741738468408584595e-01,1.029022097587585449e+00
1.000000000000000000e+00,1.861858665943145752e-01,9.904751777648925781e-01
1.000000000000000000e+00,1.981978714466094971e-01,1.140913248062133789e+00
1.000000000000000000e+00,2.102098762989044189e-01,1.163605093955993652e+00
1.000000000000000000e+00,2.222218960523605347e-01,1.061489582061767578e+00
1.000000000000000000e+00,2.342339158058166504e-01,9.986904263496398926e-01
1.000000000000000000e+00,2.462463378906250000e-01,1.058052897453308105e+00
1.000000000000000000e+00,2.582583427429199219e-01,1.026427149772644043e+00
1.000000000000000000e+00,2.702703475952148438e-01,1.006319761276245117e+00
1.000000000000000000e+00,2.822823822498321533e-01,1.151406049728393555e+00
1.000000000000000000e+00,2.942943871021270752e-01,1.007168531417846680e+00
1.000000000000000000e+00,3.063063919544219971e-01,1.039855122566223145e+00
1.000000000000000000e+00,3.183184266090393066e-01,1.041019678115844727e+00
1.000000000000000000e+00,3.303304314613342285e-01,1.093944549560546875e+00
1.000000000000000000e+00,3.423423767089843750e-01,1.057675361633300781e+00
1.000000000000000000e+00,3.543543815612792969e-01,1.067288517951965332e+00
1.000000000000000000e+00,3.663663864135742188e-01,9.653445482254028320e-01
1.000000000000000000e+00,3.783784210681915283e-01,1.077574133872985840e+00
1.000000000000000000e+00,3.903904259204864502e-01,1.034122228622436523e+00
1.000000000000000000e+00,4.024024307727813721e-01,1.118109107017517090e+00
1.000000000000000000e+00,4.144144654273986816e-01,1.006568789482116699e+00
1.000000000000000000e+00,4.264264702796936035e-01,9.467927217483520508e-01
1.000000000000000000e+00,4.384384155273437500e-01,9.827567338943481445e-01
1.000000000000000000e+00,4.504504203796386719e-01,1.086969971656799316e+00
1.000000000000000000e+00,4.624624252319335938e-01,1.073874711990356445e+00
1.000000000000000000e+00,4.744744598865509033e-01,1.071461200714111328e+00
1.000000000000000000e+00,4.864864647388458252e-01,9.030825495719909668e-01
1.000000000000000000e+00,4.984984695911407471e-01,8.952379822731018066e-01
1.000000000000000000e+00,5.105105042457580566e-01,1.027731776237487793e+00
1.000000000000000000e+00,5.225225090980529785e-01,9.083366990089416504e-01
1.000000000000000000e+00,5.345344543457031250e-01,9.540870189666748047e-01
1.000000000000000000e+00,5.465464591979980469e-01,8.831227421760559082e-01
1.000000000000000000e+00,5.585584640502929688e-01,8.655411601066589355e-01
1.000000000000000000e+00,5.705704689025878906e-01,8.740093111991882324e-01
1.000000000000000000e+00,5.825824737548828125e-01,1.015380263328552246e+00
1.000000000000000000e+00,5.945945382118225098e-01,9.364243149757385254e-01
1.000000000000000000e+00,6.066065430641174316e-01,9.573726654052734375e-01
1.000000000000000000e+00,6.186185479164123535e-01,8.414175510406494141e-01
1.000000000000000000e+00,6.306304931640625000e-01,8.156073689460754395e-01
1.000000000000000000e+00,6.426424980163574219e-01,8.562045097351074219e-01
1.000000000000000000e+00,6.546545028686523438e-01,9.096651673316955566e-01
1.000000000000000000e+00,6.666665077209472656e-01,8.452712893486022949e-01
1.000000000000000000e+00,6.786785125732421875e-01,8.414262533187866211e-01
1.000000000000000000e+00,6.906905770301818848e-01,7.741352915763854980e-01
1.000000000000000000e+00,7.027025818824768066e-01,9.082423448562622070e-01
1.000000000000000000e+00,7.147145867347717285e-01,8.911290168762207031e-01
1.000000000000000000e+00,7.267265319824218750e-01,8.374051451683044434e-01
1.000000000000000000e+00,7.387385368347167969e-01,9.331117272377014160e-01
1.000000000000000000e+00,7.507505416870117188e-01,8.047037720680236816e-01
1.000000000000000000e+00,7.627625465393066406e-01,7.884939312934875488e-01
1.000000000000000000e+00,7.747745513916015625e-01,8.507748842239379883e-01
1.000000000000000000e+00,7.867866158485412598e-01,7.271981835365295410e-01
1.000000000000000000e+00,7.987986207008361816e-01,8.852654099464416504e-01
1.000000000000000000e+00,8.108106255531311035e-01,7.121584415435791016e-01
1.000000000000000000e+00,8.228225708007812500e-01,8.715234398841857910e-01
1.000000000000000000e+00,8.348345756530761719e-01,7.828044891357421875e-01
1.000000000000000000e+00,8.468465805053710938e-01,8.317973017692565918e-01
1.000000000000000000e+00,8.588585853576660156e-01,7.108122110366821289e-01
1.000000000000000000e+00,8.708705902099609375e-01,8.391801714897155762e-01
1.000000000000000000e+00,8.828826546669006348e-01,8.148040175437927246e-01
1.000000000000000000e+00,8.948946595191955566e-01,6.610589027404785156e-01
1.000000000000000000e+00,9.069066643714904785e-01,7.086735963821411133e-01
1.000000000000000000e+00,9.189186096191406250e-01,7.128629088401794434e-01
1.000000000000000000e+00,9.309306144714355469e-01,7.953892946243286133e-01
1.000000000000000000e+00,9.429426193237304688e-01,7.569810748100280762e-01
1.000000000000000000e+00,9.549546241760253906e-01,5.929970145225524902e-01
1.000000000000000000e+00,9.669666290283203125e-01,6.418016552925109863e-01
1.000000000000000000e+00,9.789786934852600098e-01,5.995583534240722656e-01
1.000000000000000000e+00,9.909906983375549316e-01,7.195352911949157715e-01
1.000000000000000000e+00,1.003002643585205078e+00,6.618707180023193359e-01
1.000000000000000000e+00,1.015015125274658203e+00,6.930824518203735352e-01
1.000000000000000000e+00,1.027027130126953125e+00,5.864612460136413574e-01
1.000000000000000000e+00,1.039039134979248047e+00,5.128371119499206543e-01
1.000000000000000000e+00,1.051051139831542969e+00,4.975783824920654297e-01
1.000000000000000000e+00,1.063063144683837891e+00,5.617014169692993164e-01
1.000000000000000000e+00,1.075075149536132812e+00,4.969314038753509521e-01
1.000000000000000000e+00,1.087087154388427734e+00,5.478006005287170410e-01
1.000000000000000000e+00,1.099099159240722656e+00,6.106457114219665527e-01
1.000000000000000000e+00,1.111111164093017578e+00,4.502015709877014160e-01
1.000000000000000000e+00,1.123123168945312500e+00,6.044505238533020020e-01
1.000000000000000000e+00,1.135135173797607422e+00,4.441612362861633301e-01
1.000000000000000000e+00,1.147147178649902344e+00,5.754144191741943359e-01
1.000000000000000000e+00,1.159159183502197266e+00,5.576376914978027344e-01
1.000000000000000000e+00,1.171171188354492188e+00,4.324344694614410400e-01
1.000000000000000000e+00,1.183183193206787109e+00,4.101451933383941650e-01
1.000000000000000000e+00,1.195195198059082031e+00,5.146217346191406250e-01
1.000000000000000000e+00,1.207207202911376953e+00,4.648521244525909424e-01
1.000000000000000000e+00,1.219219207763671875e+00,4.434023499488830566e-01
1.000000000000000000e+00,1.231231212615966797e+00,4.937020540237426758e-01
1.000000000000000000e+00,1.243243217468261719e+00,4.384405016899108887e-01
1.000000000000000000e+00,1.255255222320556641e+00,3.854382932186126709e-01
1.000000000000000000e+00,1.267267227172851562e+00,4.739966988563537598e-01
1.000000000000000000e+00,1.279279232025146484e+00,3.967140018939971924e-01
1.000000000000000000e+00,1.291291236877441406e+00,4.611749053001403809e-01
1.000000000000000000e+00,1.303303241729736328e+00,3.636201620101928711e-01
1.000000000000000000e+00,1.315315246582031250e+00,3.398470878601074219e-01
1.000000000000000000e+00,1.327327251434326172e+00,3.859166502952575684e-01
1.000000000000000000e+00,1.339339256286621094e+00,4.137559533119201660e-01
1.000000000000000000e+00,1.351351261138916016e+00,3.195324242115020752e-01
1.000000000000000000e+00,1.363363265991210938e+00,2.318719327449798584e-01
1.000000000000000000e+00,1.375375270843505859e+00,3.904385566711425781e-01
1.000000000000000000e+00,1.387387275695800781e+00,3.689082264900207520e-01
1.000000000000000000e+00,1.399399280548095703e+00,2.709147334098815918e-01
1.000000000000000000e+00,1.411411285400390625e+00,2.492605745792388916e-01
1.000000000000000000e+00,1.423423290252685547e+00,2.890024185180664062e-01
1.000000000000000000e+00,1.435435295104980469e+00,1.426077485084533691e-01
1.000000000000000000e+00,1.447447299957275391e+00,1.762613654136657715e-01
1.000000000000000000e+00,1.459459304809570312e+00,3.077526092529296875e-01
1.000000000000000000e+00,1.471471309661865234e+00,1.936628520488739014e-01
1.000000000000000000e+00,1.483483314514160156e+00,1.013639643788337708e-01
1.000000000000000000e+00,1.495495319366455078e+00,2.346733808517456055e-01
1.000000000000000000e+00,1.507507324218750000e+00,9.022702276706695557e-02
1.000000000000000000e+00,1.519519329071044922e+00,2.166076600551605225e-01
1.000000000000000000e+00,1.531531333923339844e+00,8.786556124687194824e-02
1.000000000000000000e+00,1.543543338775634766e+00,4.214065521955490112e-02
1.000000000000000000e+00,1.555555343627929688e+00,3.224484622478485107e-02
1.000000000000000000e+00,1.567567348480224609e+00,3.716156631708145142e-02
1.000000000000000000e+00,1.579579353332519531e+00,1.034412682056427002e-01
1.000000000000000000e+00,1.591591358184814453e+00,1.637125164270401001e-01
1.000000000000000000e+00,1.603603363037109375e+00,1.024092584848403931e-01
1.000000000000000000e+00,1.615615367889404297e+00,1.479338482022285461e-02
1.000000000000000000e+00,1.627627372741699219e+00,-1.201745122671127319e-03
1.000000000000000000e+00,1.639639377593994141e+00,-5.737745761871337891e-02
1.000000000000000000e+00,1.651651382446289062e+00,-7.103465497493743896e-02
1.000000000000000000e+00,1.663663387298583984e+00,4.965811967849731445e-03
1.000000000000000000e+00,1.675675392150878906e+00,3.432428836822509766e-02
1.000000000000000000e+00,1.687687397003173828e+00,5.674634128808975220e-02
1.000000000000000000e+00,1.699699401855468750e+00,-2.805607020854949951e-02
1.000000000000000000e+00,1.711711406707763672e+00,-1.365815699100494385e-01
1.000000000000000000e+00,1.723723411560058594e+00,5.408748984336853027e-03
1.000000000000000000e+00,1.735735416412353516e+00,-7.590936124324798584e-02
1.000000000000000000e+00,1.747747421264648438e+00,-1.412826478481292725e-01
1.000000000000000000e+00,1.759759426116943359e+00,-6.609877943992614746e-02
1.000000000000000000e+00,1.771771430969238281e+00,-6.484690308570861816e-02
1.000000000000000000e+00,1.783783912658691406e+00,-1.713879555463790894e-01
1.000000000000000000e+00,1.795795917510986328e+00,-1.928929388523101807e-01
1.000000000000000000e+00,1.807807922363281250e+00,-8.843389153480529785e-02
1.000000000000000000e+00,1.819819927215576172e+00,-1.552164256572723389e-01
1.000000000000000000e+00,1.831831932067871094e+00,-1.785877048969268799e-01
1.000000000000000000e+00,1.843843936920166016e+00,-1.564427912235260010e-01
1.000000000000000000e+00,1.855855941772460938e+00,-2.337170690298080444e-01
1.000000000000000000e+00,1.867867946624755859e+00,-1.870989203453063965e-01
1.000000000000000000e+00,1.879879951477050781e+00,-2.877492308616638184e-01
1.000000000000000000e+00,1.891891956329345703e+00,-2.760131955146789551e-01
1.000000000000000000e+00,1.903903961181640625e+00,-2.708266675472259521e-01
1.000000000000000000e+00,1.915915966033935547e+00,-1.961837112903594971e-01
1.000000000000000000e+00,1.927927970886230469e+00,-2.559962272644042969e-01
1.000000000000000000e+00,1.939939975738525391e+00,-2.645633816719055176e-01
1.000000000000000000e+00,1.951951980590820312e+00,-1.987278461456298828e-01
1.000000000000000000e+00,1.963963985443115234e+00,-2.215252220630645752e-01
1.000000000000000000e+00,1.975975990295410156e+00,-3.045314550399780273e-01
1.000000000000000000e+00,1.987987995147705078e+00,-3.811681270599365234e-01
1.000000000000000000e+00,2.000000000000000000e+00,-3.319284319877624512e-01
1.000000000000000000e+00,2.012012004852294922e+00,-2.916440367698669434e-01
1.000000000000000000e+00,2.024024009704589844e+00,-2.959814965724945068e-01
1.000000000000000000e+00,2.036036014556884766e+00,-2.831754088401794434e-01
1.000000000000000000e+00,2.048048019409179688e+00,-3.444618284702301025e-01
1.000000000000000000e+00,2.060060024261474609e+00,-2.903363704681396484e-01
1.000000000000000000e+00,2.072072029113769531e+00,-3.435457944869995117e-01
1.000000000000000000e+00,2.084084033966064453e+00,-3.344783186912536621e-01
1.000000000000000000e+00,2.096096038818359375e+00,-3.930239677429199219e-01
1.000000000000000000e+00,2.108108043670654297e+00,-3.659836649894714355e-01
1.000000000000000000e+00,2.120120048522949219e+00,-4.400331377983093262e-01
1.000000000000000000e+00,2.132132053375244141e+00,-4.420211315155029297e-01
1.000000000000000000e+00,2.144144058227539062e+00,-4.720042943954467773e-01
1.000000000000000000e+00,2.156156063079833984e+00,-5.025561451911926270e-01
1.000000000000000000e+00,2.168168067932128906e+00,-3.674739003181457520e-01
1.000000000000000000e+00,2.180180072784423828e+00,-4.143809676170349121e-01
1.000000000000000000e+00,2.192192077636718750e+00,-5.732803940773010254e-01
1.000000000000000000e+00,2.204204082489013672e+00,-5.716220140457153320e-01
1.000000000000000000e+00,2.216216087341308594e+00,-4.948542416095733643e-01
1.000000000000000000e+00,2.228228092193603516e+00,-4.649800062179565430e-01
1.000000000000000000e+00,2.240240097045898438e+00,-4.668356180191040039e-01
1.000000000000000000e+00,2.252252101898193359e+00,-4.967856109142303467e-01
1.000000000000000000e+00,2.264264106750488281e+00,-5.054506659507751465e-01
1.000000000000000000e+00,2.276276111602783203e+00,-5.404527187347412109e-01
1.000000000000000000e+00,2.288288116455078125e+00,-5.657562613487243652e-01
1.000000000000000000e+00,2.300300121307373047e+00,-4.883378744125366211e-01
1.000000000000000000e+00,2.312312126159667969e+00,-6.617050766944885254e-01
1.000000000000000000e+00,2.324324131011962891e+00,-6.715899109840393066e-01
1.000000000000000000e+00,2.336336135864257812e+00,-6.712123155593872070e-01
1.000000000000000000e+00,2.348348140716552734e+00,-6.952453851699829102e-01
1.000000000000000000e+00,2.360360383987426758e+00,-5.687771439552307129e-01
1.000000000000000000e+00,2.372372388839721680e+00,-7.033151388168334961e-01
1.000000000000000000e+00,2.384384393692016602e+00,-6.905865669250488281e-01
1.000000000000000000e+00,2.396396398544311523e+00,-5.580031871795654297e-01
1.000000000000000000e+00,2.408408403396606445e+00,-6.820446848869323730e-01
1.000000000000000000e+00,2.420420408248901367e+00,-7.228466868400573730e-01
1.000000000000000000e+00,2.432432413101196289e+00,-6.424056887626647949e-01
1.000000000000000000e+00,2.444444417953491211e+00,-5.820671319961547852e-01
1.000000000000000000e+00,2.456456422805786133e+00,-6.279155015945434570e-01
1.000000000000000000e+00,2.468468427658081055e+00,-7.091300487518310547e-01
1.000000000000000000e+00,2.480480432510375977e+00,-7.482661008834838867e-01
1.000000000000000000e+00,2.492492437362670898e+00,-7.596565485000610352e-01
1.000000000000000000e+00,2.504504442214965820e+00,-7.852514386177062988e-01
1.000000000000000000e+00,2.516516447067260742e+00,-7.258565425872802734e-01
1.000000000000000000e+00,2.528528451919555664e+00,-6.903813481330871582e-01
1.000000000000000000e+00,2.540540456771850586e+00,-6.522057056427001953e-01
1.000000000000000000e+00,2.552552461624145508e+00,-7.741568088531494141e-01
1.000000000000000000e+00,2.564564466476440430e+00,-7.498707175254821777e-01
1.000000000000000000e+00,2.576576471328735352e+00,-7.780936360359191895e-01
1.000000000000000000e+00,2.588588476181030273e+00,-7.496730685234069824e-01
1.000000000000000000e+00,2.600600481033325195e+00,-6.842952370643615723e-01
1.000000000000000000e+00,2.612612485885620117e+00,-7.553484439849853516e-01
1.000000000000000000e+00,2.624624490737915039e+00,-6.703091263771057129e-01
1.000000000000000000e+00,2.636636495590209961e+00,-7.443324923515319824e-01
1.000000000000000000e+00,2.648648500442504883e+00,-6.970208287239074707e-01
1.000000000000000000e+00,2.660660505294799805e+00,-8.617766499519348145e-01
1.000000000000000000e+00,2.672672510147094727e+00,-8.610553145408630371e-01
1.000000000000000000e+00,2.684684514999389648e+00,-8.470758795738220215e-01
1.000000000000000000e+00,2.696696519851684570e+00,-8.865331411361694336e-01
1.000000000000000000e+00,2.708708524703979492e+00,-8.355890512466430664e-01
1.000000000000000000e+00,2.720720529556274414e+00,-7.157368659973144531e-01
1.000000000000000000e+00,2.732732534408569336e+00,-9.153686165809631348e-01
1.000000000000000000e+00,2.744744777679443359e+00,-8.857803344726562500e-01
1.000000000000000000e+00,2.756756782531738281e+00,-7.614020705223083496e-01
1.000000000000000000e+00,2.768768787384033203e+00,-8.643780946731567383e-01
1.000000000000000000e+00,2.780780792236328125e+00,-8.262218832969665527e-01
1.000000000000000000e+00,2.792792797088623047e+00,-7.841607928276062012e-01
1.000000000000000000e+00,2.804804801940917969e+00,-7.774860858917236328e-01
1.000000000000000000e+00,2.816816806793212891e+00,-7.775399684906005859e-01
1.000000000000000000e+00,2.828828811645507812e+00,-7.806539535522460938e-01
1.000000000000000000e+00,2.840840816497802734e+00,-8.685423731803894043e-01
1.000000000000000000e+00,2.852852821350097656e+00,-8.174741268157958984e-01
1.000000000000000000e+00,2.864864826202392578e+00,-8.734823465347290039e-01
1.000000000000000000e+00,2.876876831054687500e+00,-8.509093523025512695e-01
1.000000000000000000e+00,2.888888835906982422e+00,-8.596892952919006348e-01
1.000000000000000000e+00,2.900900840759277344e+00,-8.306946158409118652e-01
1.000000000000000000e+00,2.912912845611572266e+00,-8.412142992019653320e-01
1.000000000000000000e+00,2.924924850463867188e+00,-9.456237554550170898e-01
1.000000000000000000e+00,2.936936855316162109e+00,-7.905207872390747070e-01
1.000000000000000000e+00,2.948948860168457031e+00,-8.216808438301086426e-01
1.000000000000000000e+00,2.960960865020751953e+00,-9.361895918846130371e-01
1.000000000000000000e+00,2.972972869873046875e+00,-9.413172006607055664e-01
1.000000000000000000e+00,2.984984874725341797e+00,-8.634737133979797363e-01
1.000000000000000000e+00,2.996996879577636719e+00,-9.382296204566955566e-01
1.000000000000000000e+00,3.009008884429931641e+00,-7.934221029281616211e-01
1.000000000000000000e+00,3.021020889282226562e+00,-8.663381338119506836e-01
1.000000000000000000e+00,3.033032894134521484e+00,-9.478200078010559082e-01
1.000000000000000000e+00,3.045044898986816406e+00,-8.145771026611328125e-01
1.000000000000000000e+00,3.057056903839111328e+00,-8.644576668739318848e-01
1.000000000000000000e+00,3.069068908691406250e+00,-9.031258225440979004e-01
1.000000000000000000e+00,3.081080913543701172e+00,-9.888671040534973145e-01
1.000000000000000000e+00,3.093092918395996094e+00,-9.542334675788879395e-01
1.000000000000000000e+00,3.105104923248291016e+00,-9.093134403228759766e-01
1.000000000000000000e+00,3.117116928100585938e+00,-8.911607861518859863e-01
1.000000000000000000e+00,3.129129171371459961e+00,-9.188117384910583496e-01
1.000000000000000000e+00,3.141141176223754883e+00,-8.344527482986450195e-01
1.000000000000000000e+00,3.153153181076049805e+00,-8.444622755050659180e-01
1.000000000000000000e+00,3.165165185928344727e+00,-9.817647337913513184e-01
1.000000000000000000e+00,3.177177190780639648e+00,-9.467109441757202148e-01
1.000000000000000000e+00,3.189189195632934570e+00,-9.408699870109558105e-01
1.000000000000000000e+00,3.201201200485229492e+00,-9.663990139961242676e-01
1.000000000000000000e+00,3.213213205337524414e+00,-8.995894789695739746e-01
1.000000000000000000e+00,3.225225210189819336e+00,-9.868056774139404297e-01
1.000000000000000000e+00,3.237237215042114258e+00,-8.785144090652465820e-01
1.000000000000000000e+00,3.249249219894409180e+00,-9.755647778511047363e-01
1.000000000000000000e+00,3.261261224746704102e+00,-8.921525478363037109e-01
1.000000000000000000e+00,3.273273229598999023e+00,-8.562031984329223633e-01
1.000000000000000000e+00,3.285285234451293945e+00,-9.196593165397644043e-01
1.000000000000000000e+00,3.297297239303588867e+00,-9.742764234542846680e-01
1.000000000000000000e+00,3.309309244155883789e+00,-8.314721584320068359e-01
1.000000000000000000e+00,3.321321249008178711e+00,-8.098234534263610840e-01
1.000000000000000000e+00,3.333333253860473633e+00,-9.207865595817565918e-01
1.000000000000000000e+00,3.345345258712768555e+00,-9.412254095077514648e-01
1.000000000000000000e+00,3.357357263565063477e+00,-8.387293815612792969e-01
1.000000000000000000e+00,3.369369268417358398e+00,-8.992601633071899414e-01
1.000000000000000000e+00,3.381381273269653320e+00,-9.687685966491699219e-01
1.000000000000000000e+00,3.393393278121948242e+00,-8.117228746414184570e-01
1.000000000000000000e+00,3.405405282974243164e+00,-8.427147269248962402e-01
1.000000000000000000e+00,3.417417287826538086e+00,-9.505770802497863770e-01
1.000000000000000000e+00,3.429429292678833008e+00,-9.016286134719848633e-01
1.000000000000000000e+00,3.441441297531127930e+00,-7.580921649932861328e-01
1.000000000000000000e+00,3.453453302383422852e+00,-7.711199522018432617e-01
1.000000000000000000e+00,3.465465307235717773e+00,-8.415004611015319824e-01
1.000000000000000000e+00,3.477477312088012695e+00,-8.610059022903442383e-01
1.000000000000000000e+00,3.489489316940307617e+00,-9.239867329597473145e-01
1.000000000000000000e+00,3.501501321792602539e+00,-8.825945854187011719e-01
1.000000000000000000e+00,3.513513565063476562e+00,-8.049099445343017578e-01
1.000000000000000000e+00,3.525525569915771484e+00,-9.165790677070617676e-01
1.000000000000000000e+00,3.537537574768066406e+00,-7.447783946990966797e-01
1.000000000000000000e+00,3.549549579620361328e+00,-7.870989441871643066e-01
1.000000000000000000e+00,3.561561584472656250e+00,-8.126730322837829590e-01
1.000000000000000000e+00,3.573573589324951172e+00,-8.126140236854553223e-01
1.000000000000000000e+00,3.585585594177246094e+00,-7.197815179824829102e-01
1.000000000000000000e+00,3.597597599029541016e+00,-7.164030075073242188e-01
1.000000000000000000e+00,3.609609603881835938e+00,-7.608903050422668457e-01
1.000000000000000000e+00,3.621621608734130859e+00,-7.496397495269775391e-01
1.000000000000000000e+00,3.633633613586425781e+00,-7.415129542350769043e-01
1.000000000000000000e+00,3.645645618438720703e+00,-7.960373163223266602e-01
1.000000000000000000e+00,3.657657623291015625e+00,-8.109621405601501465e-01
1.000000000000000000e+00,3.669669628143310547e+00,-8.543062806129455566e-01
1.000000000000000000e+00,3.681681632995605469e+00,-6.643708348274230957e-01
1.000000000000000000e+00,3.693693637847900391e+00,-6.819627285003662109e-01
1.000000000000000000e+00,3.705705642700195312e+00,-8.084596395492553711e-01
1.000000000000000000e+00,3.717717647552490234e+00,-8.134235143661499023e-01
1.000000000000000000e+00,3.729729652404785156e+00,-7.170861959457397461e-01
1.000000000000000000e+00,3.741741657257080078e+00,-7.969738841056823730e-01
1.000000000000000000e+00,3.753753662109375000e+00,-8.051698803901672363e-01
1.000000000000000000e+00,3.765765666961669922e+00,-6.657804846763610840e-01
1.000000000000000000e+00,3.777777671813964844e+00,-6.453318595886230469e-01
1.000000000000000000e+00,3.789789676666259766e+00,-7.066572904586791992e-01
1.000000000000000000e+00,3.801801681518554688e+00,-6.240403056144714355e-01
1.000000000000000000e+00,3.813813686370849609e+00,-6.556565761566162109e-01
1.000000000000000000e+00,3.825825691223144531e+00,-5.988193750381469727e-01
1.000000000000000000e+00,3.837837696075439453e+00,-7.559787631034851074e-01
1.000000000000000000e+00,3.849849700927734375e+00,-6.667528748512268066e-01
1.000000000000000000e+00,3.861861705780029297e+00,-6.371404528617858887e-01
1.000000000000000000e+00,3.873873710632324219e+00,-7.418312430381774902e-01
1.000000000000000000e+00,3.885885715484619141e+00,-5.477572083473205566e-01
1.000000000000000000e+00,3.897897958755493164e+00,-7.244994640350341797e-01
1.000000000000000000e+00,3.909909963607788086e+00,-6.070890426635742188e-01
1.000000000000000000e+00,3.921921968460083008e+00,-6.545358300209045410e-01
1.000000000000000000e+00,3.933933973312377930e+00,-5.798339247703552246e-01
1.000000000000000000e+00,3.945945978164672852e+00,-5.892484784126281738e-01
1.000000000000000000e+00,3.957957983016967773e+00,-5.424858331680297852e-01
1.000000000000000000e+00,3.969969987869262695e+00,-6.013337373733520508e-01
1.000000000000000000e+00,3.981981992721557617e+00,-6.160281300544738770e-01
1.000000000000000000e+00,3.993993997573852539e+00,-5.419888496398925781e-01
1.000000000000000000e+00,4.006006240844726562e+00,-5.421594381332397461e-01
1.000000000000000000e+00,4.018018245697021484e+00,-4.433358907699584961e-01
1.000000000000000000e+00,4.030030250549316406e+00,-4.434760212898254395e-01
1.000000000000000000e+00,4.042042255401611328e+00,-5.598018169403076172e-01
1.000000000000000000e+00,4.054054260253906250e+00,-5.853471159934997559e-01
1.000000000000000000e+00,4.066066265106201172e+00,-5.831649303436279297e-01
1.000000000000000000e+00,4.078078269958496094e+00,-4.532743692398071289e-01
1.000000000000000000e+00,4.090089797973632812e+00,-4.003418087959289551e-01
1.000000000000000000e+00,4.102101802825927734e+00,-4.722505807876586914e-01
1.000000000000000000e+00,4.114113807678222656e+00,-5.183920264244079590e-01
1.000000000000000000e+00,4.126125812530517578e+00,-5.177750587463378906e-01
1.000000000000000000e+00,4.138137817382812500e+00,-4.642115533351898193e-01
1.000000000000000000e+00,4.150149822235107422e+00,-4.554524719715118408e-01
1.000000000000000000e+00,4.162161827087402344e+00,-4.235453009605407715e-01
1.000000000000000000e+00,4.174173831939697266e+00,-4.292123019695281982e-01
1.000000000000000000e+00,4.186186313629150391e+00,-4.125963449478149414e-01
1.000000000000000000e+00,4.198198318481445312e+00,-4.537482559680938721e-01
1.000000000000000000e+00,4.210210323333740234e+00,-4.274379014968872070e-01
1.000000000000000000e+00,4.222222328186035156e+00,-3.699525594711303711e-01
1.000000000000000000e+00,4.234234333038330078e+00,-3.047190904617309570e-01
1.000000000000000000e+00,4.246246337890625000e+00,-3.383487164974212646e-01
1.000000000000000000e+00,4.258258342742919922e+00,-2.657398879528045654e-01
1.000000000000000000e+00,4.270270347595214844e+00,-3.411685526371002197e-01
1.000000000000000000e+00,4.282282352447509766e+00,-3.478033542633056641e-01
1.000000000000000000e+00,4.294294357299804688e+00,-2.115443050861358643e-01
1.000000000000000000e+00,4.306306362152099609e+00,-2.696611881256103516e-01
1.000000000000000000e+00,4.318318367004394531e+00,-2.658863663673400879e-01
1.000000000000000000e+00,4.330330371856689453e+00,-2.732385098934173584e-01
1.000000000000000000e+00,4.342342376708984375e+00,-1.712227761745452881e-01
1.000000000000000000e+00,4.354354381561279297e+00,-2.854848504066467285e-01
1.000000000000000000e+00,4.366366386413574219e+00,-2.460790127515792847e-01
1.000000000000000000e+00,4.378378391265869141e+00,-2.069180458784103394e-01
1.000000000000000000e+00,4.390390396118164062e+00,-2.497825026512145996e-01
1.000000000000000000e+00,4.402402400970458984e+00,-2.036136239767074585e-01
1.000000000000000000e+00,4.414414405822753906e+00,-1.175268739461898804e-01
1.000000000000000000e+00,4.426426410675048828e+00,-1.179863363504409790e-01
1.000000000000000000e+00,4.438438415527343750e+00,-1.586897373199462891e-01
1.000000000000000000e+00,4.450450420379638672e+00,-1.601752936840057373e-01
1.000000000000000000e+00,4.462462425231933594e+00,-1.414184272289276123e-01
1.000000000000000000e+00,4.474474430084228516e+00,-1.288553625345230103e-01
1.000000000000000000e+00,4.486486434936523438e+00,-1.423173844814300537e-01
1.000000000000000000e+00,4.498498439788818359e+00,-1.102629005908966064e-01
1.000000000000000000e+00,4.510510444641113281e+00,-1.815701276063919067e-01
1.000000000000000000e+00,4.522522449493408203e+00,-1.490476131439208984e-01
1.000000000000000000e+00,4.534534454345703125e+00,-4.498183727264404297e-02
1.000000000000000000e+00,4.546546459197998047e+00,-3.509756922721862793e-02
1.000000000000000000e+00,4.558558464050292969e+00,-1.039218902587890625e-01
1.000000000000000000e+00,4.570570468902587891e+00,-6.783153116703033447e-02
1.000000000000000000e+00,4.582582473754882812e+00,-1.112334579229354858e-01
1.000000000000000000e+00,4.594594478607177734e+00,-9.775964170694351196e-02
1.000000000000000000e+00,4.606606483459472656e+00,-5.320546403527259827e-02
1.000000000000000000e+00,4.618618488311767578e+00,8.309476077556610107e-02
1.000000000000000000e+00,4.630630493164062500e+00,4.744002968072891235e-02
1.000000000000000000e+00,4.642642498016357422e+00,1.160233393311500549e-01
1.000000000000000000e+00,4.654654502868652344e+00,1.350012868642807007e-01
1.000000000000000000e+00,4.666666507720947266e+00,8.779415488243103027e-02
1.000000000000000000e+00,4.678678512573242188e+00,3.920568898320198059e-02
1.000000000000000000e+00,4.690690517425537109e+00,3.389523178339004517e-02
1.000000000000000000e+00,4.702702522277832031e+00,1.569300442934036255e-01
1.000000000000000000e+00,4.714714527130126953e+00,1.056593470275402069e-02
1.000000000000000000e+00,4.726726531982421875e+00,1.858975738286972046e-01
1.000000000000000000e+00,4.738738536834716797e+00,1.516957283020019531e-01
1.000000000000000000e+00,4.750750541687011719e+00,6.514082103967666626e-02
1.000000000000000000e+00,4.762763023376464844e+00,1.753773689270019531e-01
1.000000000000000000e+00,4.774775028228759766e+00,1.485431790351867676e-01
1.000000000000000000e+00,4.786787033081054688e+00,1.012999266386032104e-01
1.000000000000000000e+00,4.798799037933349609e+00,1.982450187206268311e-01
1.000000000000000000e+00,4.810811042785644531e+00,2.756205499172210693e-01
1.000000000000000000e+00,4.822823047637939453e+00,1.212664768099784851e-01
1.000000000000000000e+00,4.834835052490234375e+00,2.147616297006607056e-01
1.000000000000000000e+00,4.846847057342529297e+00,1.808505803346633911e-01
1.000000000000000000e+00,4.858859062194824219e+00,2.211246490478515625e-01
1.000000000000000000e+00,4.870871067047119141e+00,3.134396076202392578e-01
1.000000000000000000e+00,4.882883071899414062e+00,2.545038759708404541e-01
1.000000000000000000e+00,4.894895076751708984e+00,2.865824997425079346e-01
1.000000000000000000e+00,4.906907081604003906e+00,2.838596999645233154e-01
1.000000000000000000e+00,4.918919086456298828e+00,2.895806431770324707e-01
1.000000000000000000e+00,4.930931091308593750e+00,3.643535971641540527e-01
1.000000000000000000e+00,4.942943096160888672e+00,3.124063014984130859e-01
1.000000000000000000e+00,4.954955101013183594e+00,3.282177746295928955e-01
1.000000000000000000e+00,4.966967105865478516e+00,3.602133393287658691e-01
1.000000000000000000e+00,4.978979110717773438e+00,3.047679960727691650e-01
1.000000000000000000e+00,4.990991115570068359e+00,4.008298516273498535e-01
1.000000000000000000e+00,5.003003120422363281e+00,4.557403028011322021e-01
1.000000000000000000e+00,5.015015125274658203e+00,4.012143313884735107e-01
1.000000000000000000e+00,5.027027130126953125e+00,4.104767441749572754e-01
1.000000000000000000e+00,5.039039134979248047e+00,4.863937497138977051e-01
1.000000000000000000e+00,5.051051139831542969e+00,5.011504888534545898e-01
1.000000000000000000e+00,5.063063144683837891e+00,4.697342514991760254e-01
1.000000000000000000e+00,5.075075149536132812e+00,4.788376688957214355e-01
1.000000000000000000e+00,5.087087154388427734e+00,4.038777351379394531e-01
1.000000000000000000e+00,5.099099159240722656e+00,4.021321237087249756e-01
1.000000000000000000e+00,5.111111164093017578e+00,4.175895750522613525e-01
1.000000000000000000e+00,5.123123168945312500e+00,4.701845645904541016e-01
1.000000000000000000e+00,5.135135173797607422e+00,5.572314262390136719e-01
1.000000000000000000e+00,5.147147178649902344e+00,4.708890318870544434e-01
1.000000000000000000e+00,5.159159183502197266e+00,4.676475822925567627e-01
1.000000000000000000e+00,5.171171188354492188e+00,5.780135393142700195e-01
1.000000000000000000e+00,5.183183193206787109e+00,5.556308031082153320e-01
1.000000000000000000e+00,5.195195198059082031e+00,4.844453334808349609e-01
1.000000000000000000e+00,5.207207202911376953e+00,5.432856678962707520e-01
1.000000000000000000e+00,5.219219207763671875e+00,5.729299783706665039e-01
1.000000000000000000e+00,5.231231212615966797e+00,5.134840607643127441e-01
1.000000000000000000e+00,5.243243217468261719e+00,5.768677592277526855e-01
1.000000000000000000e+00,5.255255222320556641e+00,5.625503063201904297e-01
1.000000000000000000e+00,5.267267227172851562e+00,6.250776648521423340e-01
1.000000000000000000e+00,5.279279232025146484e+00,5.855181217193603516e-01
1.000000000000000000e+00,5.291291236877441406e+00,6.901041269302368164e-01
1.000000000000000000e+00,5.303303241729736328e+00,6.264666914939880371e-01
1.000000000000000000e+00,5.315315246582031250e+00,7.640277743339538574e-01
1.000000000000000000e+00,5.327327251434326172e+00,5.893067121505737305e-01
1.000000000000000000e+00,5.339339256286621094e+00,6.725657582283020020e-01
1.000000000000000000e+00,5.351351261138916016e+00,6.153671741485595703e-01
1.000000000000000000e+00,5.363363265991210938e+00,6.370754837989807129e-01
1.000000000000000000e+00,5.375375270843505859e+00,7.926914095878601074e-01
1.000000000000000000e+00,5.387387275695800781e+00,6.665562987327575684e-01
1.000000000000000000e+00,5.399399280548095703e+00,7.667928338050842285e-01
1.000000000000000000e+00,5.411411285400390625e+00,7.877601385116577148e-01
1.000000000000000000e+00,5.423423290252685547e+00,7.251593470573425293e-01
1.000000000000000000e+00,5.435435295104980469e+00,7.377334833145141602e-01
1.000000000000000000e+00,5.447447299957275391e+00,6.760604381561279297e-01
1.000000000000000000e+00,5.459459304809570312e+00,7.838414907455444336e-01
1.000000000000000000e+00,5.471471309661865234e+00,7.594700455665588379e-01
1.000000000000000000e+00,5.483483314514160156e+00,8.422267436981201172e-01
1.000000000000000000e+00,5.495495319366455078e+00,7.114746570587158203e-01
1.000000000000000000e+00,5.507507324218750000e+00,8.879996538162231445e-01
1.000000000000000000e+00,5.519519329071044922e+00,9.139455556869506836e-01
1.000000000000000000e+00,5.531531333923339844e+00,8.443584442138671875e-01
1.000000000000000000e+00,5.543543338775634766e+00,9.045658111572265625e-01
1.000000000000000000e+00,5.555555343627929688e+00,8.620944619178771973e-01
1.000000000000000000e+00,5.567567348480224609e+00,9.033010005950927734e-01
1.000000000000000000e+00,5.579579353332519531e+00,9.399182200431823730e-01
1.000000000000000000e+00,5.591591358184814453e+00,8.859706521034240723e-01
1.000000000000000000e+00,5.603603363037109375e+00,7.835859060287475586e-01
1.000000000000000000e+00,5.615615367889404297e+00,8.159407377243041992e-01
1.000000000000000000e+00,5.627627372741699219e+00,9.015609622001647949e-01
1.000000000000000000e+00,5.639639377593994141e+00,8.319736719131469727e-01
1.000000000000000000e+00,5.651651382446289062e+00,8.616170287132263184e-01
1.000000000000000000e+00,5.663663387298583984e+00,8.691698908805847168e-01
1.000000000000000000e+00,5.675675392150878906e+00,8.396427631378173828e-01
1.000000000000000000e+00,5.687687397003173828e+00,8.505518436431884766e-01
1.000000000000000000e+00,5.699699401855468750e+00,8.950478434562683105e-01
1.000000000000000000e+00,5.711711406707763672e+00,9.449738860130310059e-01
1.000000000000000000e+00,5.723723888397216797e+00,9.790084362030029297e-01
1.000000000000000000e+00,5.735735893249511719e+00,9.872038364410400391e-01
1.000000000000000000e+00,5.747747898101806641e+00,9.883471131324768066e-01
1.000000000000000000e+00,5.759759902954101562e+00,9.050217866897583008e-01
1.000000000000000000e+00,5.771771907806396484e+00,9.183846116065979004e-01
1.000000000000000000e+00,5.783783912658691406e+00,8.912908434867858887e-01
1.000000000000000000e+00,5.795795917510986328e+00,1.045533537864685059e+00
1.000000000000000000e+00,5.807807922363281250e+00,1.010818839073181152e+00
1.000000000000000000e+00,5.819819927215576172e+00,1.077907681465148926e+00
1.000000000000000000e+00,5.831831932067871094e+00,9.189572930335998535e-01
1.000000000000000000e+00,5.843843936920166016e+00,1.072362780570983887e+00
1.000000000000000000e+00,5.855855941772460938e+00,1.087728857994079590e+00
1.000000000000000000e+00,5.867867946624755859e+00,9.561211466789245605e-01
1.000000000000000000e+00,5.879879951477050781e+00,1.100514888763427734e+00
1.000000000000000000e+00,5.891891956329345703e+00,9.605217576026916504e-01
1.000000000000000000e+00,5.903903961181640625e+00,1.003848075866699219e+00
1.000000000000000000e+00,5.915915966033935547e+00,9.727899432182312012e-01
1.000000000000000000e+00,5.927927970886230469e+00,1.107844471931457520e+00
1.000000000000000000e+00,5.939939975738525391e+00,1.011250853538513184e+00
1.000000000000000000e+00,5.951951980590820312e+00,1.123936891555786133e+00
1.000000000000000000e+00,5.963963985443115234e+00,1.138153553009033203e+00
1.000000000000000000e+00,5.975975990295410156e+00,1.107750773429870605e+00
1.000000000000000000e+00,5.987987995147705078e+00,1.004216670989990234e+00
1.000000000000000000e+00,6.000000000000000000e+00,1.099622726440429688e+00
